Jurisdiction,Value,Race/ ethnicity,Year,Measure
State,78.7,All races/ ethnicities (aggregated),2008-2010,Life Expectancy
Allegany,77.4,All races/ ethnicities (aggregated),2008-2010,Life Expectancy
Anne Arundel,79.0,All races/ ethnicities (aggregated),2008-2010,Life Expectancy
Baltimore City,73.3,All races/ ethnicities (aggregated),2008-2010,Life Expectancy
Baltimore County,78.1,All races/ ethnicities (aggregated),2008-2010,Life Expectancy
Calvert,79.1,All races/ ethnicities (aggregated),2008-2010,Life Expectancy
Caroline,76.3,All races/ ethnicities (aggregated),2008-2010,Life Expectancy
Carroll,79.5,All races/ ethnicities (aggregated),2008-2010,Life Expectancy
Cecil,76.9,All races/ ethnicities (aggregated),2008-2010,Life Expectancy
Charles,78.1,All races/ ethnicities (aggregated),2008-2010,Life Expectancy
Dorchester,77.2,All races/ ethnicities (aggregated),2008-2010,Life Expectancy
Frederick,80.2,All races/ ethnicities (aggregated),2008-2010,Life Expectancy
Garrett,77.5,All races/ ethnicities (aggregated),2008-2010,Life Expectancy
Harford,78.9,All races/ ethnicities (aggregated),2008-2010,Life Expectancy
Howard,81.9,All races/ ethnicities (aggregated),2008-2010,Life Expectancy
Kent,78.4,All races/ ethnicities (aggregated),2008-2010,Life Expectancy
Montgomery,83.6,All races/ ethnicities (aggregated),2008-2010,Life Expectancy
Prince George's,77.8,All races/ ethnicities (aggregated),2008-2010,Life Expectancy
Queen Anne's,79.7,All races/ ethnicities (aggregated),2008-2010,Life Expectancy
Saint Mary's,78.4,All races/ ethnicities (aggregated),2008-2010,Life Expectancy
Somerset,76.3,All races/ ethnicities (aggregated),2008-2010,Life Expectancy
Talbot,79.7,All races/ ethnicities (aggregated),2008-2010,Life Expectancy
Washington,78.2,All races/ ethnicities (aggregated),2008-2010,Life Expectancy
Wicomico,76.8,All races/ ethnicities (aggregated),2008-2010,Life Expectancy
Worcester,78.4,All races/ ethnicities (aggregated),2008-2010,Life Expectancy
State,75.5,Black (Hispanic & Non-Hispanic),2008-2010,Life Expectancy
Allegany,80.0,Black (Hispanic & Non-Hispanic),2008-2010,Life Expectancy
Anne Arundel,76.7,Black (Hispanic & Non-Hispanic),2008-2010,Life Expectancy
Baltimore City,71.5,Black (Hispanic & Non-Hispanic),2008-2010,Life Expectancy
Baltimore County,75.4,Black (Hispanic & Non-Hispanic),2008-2010,Life Expectancy
Calvert,78.5,Black (Hispanic & Non-Hispanic),2008-2010,Life Expectancy
Caroline,76.4,Black (Hispanic & Non-Hispanic),2008-2010,Life Expectancy
Carroll,78.9,Black (Hispanic & Non-Hispanic),2008-2010,Life Expectancy
Cecil,76.9,Black (Hispanic & Non-Hispanic),2008-2010,Life Expectancy
Charles,76.6,Black (Hispanic & Non-Hispanic),2008-2010,Life Expectancy
Dorchester,72.9,Black (Hispanic & Non-Hispanic),2008-2010,Life Expectancy
Frederick,81.0,Black (Hispanic & Non-Hispanic),2008-2010,Life Expectancy
Garrett,78.9,Black (Hispanic & Non-Hispanic),2008-2010,Life Expectancy
Harford,77.1,Black (Hispanic & Non-Hispanic),2008-2010,Life Expectancy
Howard,81.1,Black (Hispanic & Non-Hispanic),2008-2010,Life Expectancy
Kent,75.6,Black (Hispanic & Non-Hispanic),2008-2010,Life Expectancy
Montgomery,80.5,Black (Hispanic & Non-Hispanic),2008-2010,Life Expectancy
Prince George's,75.9,Black (Hispanic & Non-Hispanic),2008-2010,Life Expectancy
Queen Anne's,78.3,Black (Hispanic & Non-Hispanic),2008-2010,Life Expectancy
Saint Mary's,78.1,Black (Hispanic & Non-Hispanic),2008-2010,Life Expectancy
Somerset,74.9,Black (Hispanic & Non-Hispanic),2008-2010,Life Expectancy
Talbot,77.0,Black (Hispanic & Non-Hispanic),2008-2010,Life Expectancy
Washington,80.5,Black (Hispanic & Non-Hispanic),2008-2010,Life Expectancy
Wicomico,74.9,Black (Hispanic & Non-Hispanic),2008-2010,Life Expectancy
Worcester,75.3,Black (Hispanic & Non-Hispanic),2008-2010,Life Expectancy
State,79.7,White (Hispanic & Non-Hispanic),2008-2010,Life Expectancy
Allegany,77.2,White (Hispanic & Non-Hispanic),2008-2010,Life Expectancy
Anne Arundel,79.2,White (Hispanic & Non-Hispanic),2008-2010,Life Expectancy
Baltimore City,76.5,White (Hispanic & Non-Hispanic),2008-2010,Life Expectancy
Baltimore County,78.6,White (Hispanic & Non-Hispanic),2008-2010,Life Expectancy
Calvert,79.0,White (Hispanic & Non-Hispanic),2008-2010,Life Expectancy
Caroline,76.4,White (Hispanic & Non-Hispanic),2008-2010,Life Expectancy
Carroll,79.4,White (Hispanic & Non-Hispanic),2008-2010,Life Expectancy
Cecil,76.9,White (Hispanic & Non-Hispanic),2008-2010,Life Expectancy
Charles,78.4,White (Hispanic & Non-Hispanic),2008-2010,Life Expectancy
Dorchester,79.0,White (Hispanic & Non-Hispanic),2008-2010,Life Expectancy
Frederick,80.1,White (Hispanic & Non-Hispanic),2008-2010,Life Expectancy
Garrett,77.4,White (Hispanic & Non-Hispanic),2008-2010,Life Expectancy
Harford,79.0,White (Hispanic & Non-Hispanic),2008-2010,Life Expectancy
Howard,81.7,White (Hispanic & Non-Hispanic),2008-2010,Life Expectancy
Kent,78.9,White (Hispanic & Non-Hispanic),2008-2010,Life Expectancy
Montgomery,83.9,White (Hispanic & Non-Hispanic),2008-2010,Life Expectancy
Prince George's,80.2,White (Hispanic & Non-Hispanic),2008-2010,Life Expectancy
Queen Anne's,79.9,White (Hispanic & Non-Hispanic),2008-2010,Life Expectancy
Saint Mary's,78.3,White (Hispanic & Non-Hispanic),2008-2010,Life Expectancy
Somerset,76.7,White (Hispanic & Non-Hispanic),2008-2010,Life Expectancy
Talbot,80.4,White (Hispanic & Non-Hispanic),2008-2010,Life Expectancy
Washington,78.1,White (Hispanic & Non-Hispanic),2008-2010,Life Expectancy
Wicomico,77.4,White (Hispanic & Non-Hispanic),2008-2010,Life Expectancy
Worcester,79.0,White (Hispanic & Non-Hispanic),2008-2010,Life Expectancy
State,79.2,All races/ ethnicities (aggregated),2009-2011,Life Expectancy
Allegany,77.6,All races/ ethnicities (aggregated),2009-2011,Life Expectancy
Anne Arundel,79.6,All races/ ethnicities (aggregated),2009-2011,Life Expectancy
Baltimore City,73.5,All races/ ethnicities (aggregated),2009-2011,Life Expectancy
Baltimore County,78.8,All races/ ethnicities (aggregated),2009-2011,Life Expectancy
Calvert,79.2,All races/ ethnicities (aggregated),2009-2011,Life Expectancy
Caroline,76.5,All races/ ethnicities (aggregated),2009-2011,Life Expectancy
Carroll,79.7,All races/ ethnicities (aggregated),2009-2011,Life Expectancy
Cecil,76.4,All races/ ethnicities (aggregated),2009-2011,Life Expectancy
Charles,78.4,All races/ ethnicities (aggregated),2009-2011,Life Expectancy
Dorchester,77.6,All races/ ethnicities (aggregated),2009-2011,Life Expectancy
Frederick,80.9,All races/ ethnicities (aggregated),2009-2011,Life Expectancy
Garrett,78.2,All races/ ethnicities (aggregated),2009-2011,Life Expectancy
Harford,79.4,All races/ ethnicities (aggregated),2009-2011,Life Expectancy
Howard,81.6,All races/ ethnicities (aggregated),2009-2011,Life Expectancy
Kent,79.6,All races/ ethnicities (aggregated),2009-2011,Life Expectancy
Montgomery,83.7,All races/ ethnicities (aggregated),2009-2011,Life Expectancy
Prince George's,78.6,All races/ ethnicities (aggregated),2009-2011,Life Expectancy
Queen Anne's,79.7,All races/ ethnicities (aggregated),2009-2011,Life Expectancy
Saint Mary's,79.2,All races/ ethnicities (aggregated),2009-2011,Life Expectancy
Somerset,76.0,All races/ ethnicities (aggregated),2009-2011,Life Expectancy
Talbot,80.5,All races/ ethnicities (aggregated),2009-2011,Life Expectancy
Washington,78.4,All races/ ethnicities (aggregated),2009-2011,Life Expectancy
Wicomico,77.5,All races/ ethnicities (aggregated),2009-2011,Life Expectancy
Worcester,79.3,All races/ ethnicities (aggregated),2009-2011,Life Expectancy
State,76.4,Black (Hispanic & Non-Hispanic),2009-2011,Life Expectancy
Allegany,80.5,Black (Hispanic & Non-Hispanic),2009-2011,Life Expectancy
Anne Arundel,77.2,Black (Hispanic & Non-Hispanic),2009-2011,Life Expectancy
Baltimore City,71.9,Black (Hispanic & Non-Hispanic),2009-2011,Life Expectancy
Baltimore County,76.7,Black (Hispanic & Non-Hispanic),2009-2011,Life Expectancy
Calvert,78.3,Black (Hispanic & Non-Hispanic),2009-2011,Life Expectancy
Caroline,74.7,Black (Hispanic & Non-Hispanic),2009-2011,Life Expectancy
Carroll,76.8,Black (Hispanic & Non-Hispanic),2009-2011,Life Expectancy
Cecil,76.1,Black (Hispanic & Non-Hispanic),2009-2011,Life Expectancy
Charles,77.4,Black (Hispanic & Non-Hispanic),2009-2011,Life Expectancy
Dorchester,73.7,Black (Hispanic & Non-Hispanic),2009-2011,Life Expectancy
Frederick,78.0,Black (Hispanic & Non-Hispanic),2009-2011,Life Expectancy
Garrett,,Black (Hispanic & Non-Hispanic),2009-2011,Life Expectancy
Harford,77.1,Black (Hispanic & Non-Hispanic),2009-2011,Life Expectancy
Howard,80.8,Black (Hispanic & Non-Hispanic),2009-2011,Life Expectancy
Kent,75.6,Black (Hispanic & Non-Hispanic),2009-2011,Life Expectancy
Montgomery,81.0,Black (Hispanic & Non-Hispanic),2009-2011,Life Expectancy
Prince George's,77.8,Black (Hispanic & Non-Hispanic),2009-2011,Life Expectancy
Queen Anne's,75.2,Black (Hispanic & Non-Hispanic),2009-2011,Life Expectancy
Saint Mary's,78.5,Black (Hispanic & Non-Hispanic),2009-2011,Life Expectancy
Somerset,74.5,Black (Hispanic & Non-Hispanic),2009-2011,Life Expectancy
Talbot,77.1,Black (Hispanic & Non-Hispanic),2009-2011,Life Expectancy
Washington,76.6,Black (Hispanic & Non-Hispanic),2009-2011,Life Expectancy
Wicomico,75.3,Black (Hispanic & Non-Hispanic),2009-2011,Life Expectancy
Worcester,75.0,Black (Hispanic & Non-Hispanic),2009-2011,Life Expectancy
State,80.1,White (Hispanic & Non-Hispanic),2009-2011,Life Expectancy
Allegany,77.3,White (Hispanic & Non-Hispanic),2009-2011,Life Expectancy
Anne Arundel,79.9,White (Hispanic & Non-Hispanic),2009-2011,Life Expectancy
Baltimore City,76.4,White (Hispanic & Non-Hispanic),2009-2011,Life Expectancy
Baltimore County,79.3,White (Hispanic & Non-Hispanic),2009-2011,Life Expectancy
Calvert,79.3,White (Hispanic & Non-Hispanic),2009-2011,Life Expectancy
Caroline,76.8,White (Hispanic & Non-Hispanic),2009-2011,Life Expectancy
Carroll,79.7,White (Hispanic & Non-Hispanic),2009-2011,Life Expectancy
Cecil,76.4,White (Hispanic & Non-Hispanic),2009-2011,Life Expectancy
Charles,78.6,White (Hispanic & Non-Hispanic),2009-2011,Life Expectancy
Dorchester,79.1,White (Hispanic & Non-Hispanic),2009-2011,Life Expectancy
Frederick,81.0,White (Hispanic & Non-Hispanic),2009-2011,Life Expectancy
Garrett,78.1,White (Hispanic & Non-Hispanic),2009-2011,Life Expectancy
Harford,79.6,White (Hispanic & Non-Hispanic),2009-2011,Life Expectancy
Howard,81.3,White (Hispanic & Non-Hispanic),2009-2011,Life Expectancy
Kent,80.4,White (Hispanic & Non-Hispanic),2009-2011,Life Expectancy
Montgomery,84.0,White (Hispanic & Non-Hispanic),2009-2011,Life Expectancy
Prince George's,79.6,White (Hispanic & Non-Hispanic),2009-2011,Life Expectancy
Queen Anne's,80.0,White (Hispanic & Non-Hispanic),2009-2011,Life Expectancy
Saint Mary's,79.1,White (Hispanic & Non-Hispanic),2009-2011,Life Expectancy
Somerset,76.5,White (Hispanic & Non-Hispanic),2009-2011,Life Expectancy
Talbot,81.2,White (Hispanic & Non-Hispanic),2009-2011,Life Expectancy
Washington,78.4,White (Hispanic & Non-Hispanic),2009-2011,Life Expectancy
Wicomico,78.1,White (Hispanic & Non-Hispanic),2009-2011,Life Expectancy
Worcester,79.9,White (Hispanic & Non-Hispanic),2009-2011,Life Expectancy
State,79.5,All races/ ethnicities (aggregated),2010-2012,Life Expectancy
Allegany,78.0,All races/ ethnicities (aggregated),2010-2012,Life Expectancy
Anne Arundel,79.8,All races/ ethnicities (aggregated),2010-2012,Life Expectancy
Baltimore City,73.9,All races/ ethnicities (aggregated),2010-2012,Life Expectancy
Baltimore County,79.2,All races/ ethnicities (aggregated),2010-2012,Life Expectancy
Calvert,79.4,All races/ ethnicities (aggregated),2010-2012,Life Expectancy
Caroline,76.9,All races/ ethnicities (aggregated),2010-2012,Life Expectancy
Carroll,79.8,All races/ ethnicities (aggregated),2010-2012,Life Expectancy
Cecil,77.0,All races/ ethnicities (aggregated),2010-2012,Life Expectancy
Charles,78.6,All races/ ethnicities (aggregated),2010-2012,Life Expectancy
Dorchester,78.1,All races/ ethnicities (aggregated),2010-2012,Life Expectancy
Frederick,80.9,All races/ ethnicities (aggregated),2010-2012,Life Expectancy
Garrett,78.7,All races/ ethnicities (aggregated),2010-2012,Life Expectancy
Harford,79.3,All races/ ethnicities (aggregated),2010-2012,Life Expectancy
Howard,82.3,All races/ ethnicities (aggregated),2010-2012,Life Expectancy
Kent,80.3,All races/ ethnicities (aggregated),2010-2012,Life Expectancy
Montgomery,84.1,All races/ ethnicities (aggregated),2010-2012,Life Expectancy
Prince George's,79.2,All races/ ethnicities (aggregated),2010-2012,Life Expectancy
Queen Anne's,79.4,All races/ ethnicities (aggregated),2010-2012,Life Expectancy
Saint Mary's,79.6,All races/ ethnicities (aggregated),2010-2012,Life Expectancy
Somerset,77.4,All races/ ethnicities (aggregated),2010-2012,Life Expectancy
Talbot,81.0,All races/ ethnicities (aggregated),2010-2012,Life Expectancy
Washington,78.4,All races/ ethnicities (aggregated),2010-2012,Life Expectancy
Wicomico,78.0,All races/ ethnicities (aggregated),2010-2012,Life Expectancy
Worcester,79.1,All races/ ethnicities (aggregated),2010-2012,Life Expectancy
State,76.9,Black (Hispanic & Non-Hispanic),2010-2012,Life Expectancy
Allegany,78.6,Black (Hispanic & Non-Hispanic),2010-2012,Life Expectancy
Anne Arundel,77.3,Black (Hispanic & Non-Hispanic),2010-2012,Life Expectancy
Baltimore City,72.3,Black (Hispanic & Non-Hispanic),2010-2012,Life Expectancy
Baltimore County,77.5,Black (Hispanic & Non-Hispanic),2010-2012,Life Expectancy
Calvert,78.4,Black (Hispanic & Non-Hispanic),2010-2012,Life Expectancy
Caroline,75.7,Black (Hispanic & Non-Hispanic),2010-2012,Life Expectancy
Carroll,77.7,Black (Hispanic & Non-Hispanic),2010-2012,Life Expectancy
Cecil,77.2,Black (Hispanic & Non-Hispanic),2010-2012,Life Expectancy
Charles,77.8,Black (Hispanic & Non-Hispanic),2010-2012,Life Expectancy
Dorchester,75.2,Black (Hispanic & Non-Hispanic),2010-2012,Life Expectancy
Frederick,78.3,Black (Hispanic & Non-Hispanic),2010-2012,Life Expectancy
Garrett,,Black (Hispanic & Non-Hispanic),2010-2012,Life Expectancy
Harford,77.1,Black (Hispanic & Non-Hispanic),2010-2012,Life Expectancy
Howard,81.1,Black (Hispanic & Non-Hispanic),2010-2012,Life Expectancy
Kent,75.8,Black (Hispanic & Non-Hispanic),2010-2012,Life Expectancy
Montgomery,81.9,Black (Hispanic & Non-Hispanic),2010-2012,Life Expectancy
Prince George's,78.4,Black (Hispanic & Non-Hispanic),2010-2012,Life Expectancy
Queen Anne's,74.3,Black (Hispanic & Non-Hispanic),2010-2012,Life Expectancy
Saint Mary's,78.5,Black (Hispanic & Non-Hispanic),2010-2012,Life Expectancy
Somerset,76.9,Black (Hispanic & Non-Hispanic),2010-2012,Life Expectancy
Talbot,76.2,Black (Hispanic & Non-Hispanic),2010-2012,Life Expectancy
Washington,77.8,Black (Hispanic & Non-Hispanic),2010-2012,Life Expectancy
Wicomico,75.3,Black (Hispanic & Non-Hispanic),2010-2012,Life Expectancy
Worcester,75.1,Black (Hispanic & Non-Hispanic),2010-2012,Life Expectancy
State,80.3,White (Hispanic & Non-Hispanic),2010-2012,Life Expectancy
Allegany,77.7,White (Hispanic & Non-Hispanic),2010-2012,Life Expectancy
Anne Arundel,80.1,White (Hispanic & Non-Hispanic),2010-2012,Life Expectancy
Baltimore City,76.6,White (Hispanic & Non-Hispanic),2010-2012,Life Expectancy
Baltimore County,79.5,White (Hispanic & Non-Hispanic),2010-2012,Life Expectancy
Calvert,79.5,White (Hispanic & Non-Hispanic),2010-2012,Life Expectancy
Caroline,77.1,White (Hispanic & Non-Hispanic),2010-2012,Life Expectancy
Carroll,79.8,White (Hispanic & Non-Hispanic),2010-2012,Life Expectancy
Cecil,77.0,White (Hispanic & Non-Hispanic),2010-2012,Life Expectancy
Charles,78.7,White (Hispanic & Non-Hispanic),2010-2012,Life Expectancy
Dorchester,79.1,White (Hispanic & Non-Hispanic),2010-2012,Life Expectancy
Frederick,81.0,White (Hispanic & Non-Hispanic),2010-2012,Life Expectancy
Garrett,78.6,White (Hispanic & Non-Hispanic),2010-2012,Life Expectancy
Harford,79.5,White (Hispanic & Non-Hispanic),2010-2012,Life Expectancy
Howard,82.0,White (Hispanic & Non-Hispanic),2010-2012,Life Expectancy
Kent,81.2,White (Hispanic & Non-Hispanic),2010-2012,Life Expectancy
Montgomery,84.2,White (Hispanic & Non-Hispanic),2010-2012,Life Expectancy
Prince George's,80.3,White (Hispanic & Non-Hispanic),2010-2012,Life Expectancy
Queen Anne's,79.7,White (Hispanic & Non-Hispanic),2010-2012,Life Expectancy
Saint Mary's,79.6,White (Hispanic & Non-Hispanic),2010-2012,Life Expectancy
Somerset,77.2,White (Hispanic & Non-Hispanic),2010-2012,Life Expectancy
Talbot,81.9,White (Hispanic & Non-Hispanic),2010-2012,Life Expectancy
Washington,78.3,White (Hispanic & Non-Hispanic),2010-2012,Life Expectancy
Wicomico,78.8,White (Hispanic & Non-Hispanic),2010-2012,Life Expectancy
Worcester,79.6,White (Hispanic & Non-Hispanic),2010-2012,Life Expectancy
State,79.6,All races/ ethnicities (aggregated),2011-2013,Life Expectancy
Allegany,77.7,All races/ ethnicities (aggregated),2011-2013,Life Expectancy
Anne Arundel,79.8,All races/ ethnicities (aggregated),2011-2013,Life Expectancy
Baltimore City,73.9,All races/ ethnicities (aggregated),2011-2013,Life Expectancy
Baltimore County,79.4,All races/ ethnicities (aggregated),2011-2013,Life Expectancy
Calvert,79.4,All races/ ethnicities (aggregated),2011-2013,Life Expectancy
Caroline,76.4,All races/ ethnicities (aggregated),2011-2013,Life Expectancy
Carroll,79.7,All races/ ethnicities (aggregated),2011-2013,Life Expectancy
Cecil,77.3,All races/ ethnicities (aggregated),2011-2013,Life Expectancy
Charles,78.7,All races/ ethnicities (aggregated),2011-2013,Life Expectancy
Dorchester,78.3,All races/ ethnicities (aggregated),2011-2013,Life Expectancy
Frederick,80.7,All races/ ethnicities (aggregated),2011-2013,Life Expectancy
Garrett,79.3,All races/ ethnicities (aggregated),2011-2013,Life Expectancy
Harford,79.5,All races/ ethnicities (aggregated),2011-2013,Life Expectancy
Howard,82.6,All races/ ethnicities (aggregated),2011-2013,Life Expectancy
Kent,79.7,All races/ ethnicities (aggregated),2011-2013,Life Expectancy
Montgomery,84.3,All races/ ethnicities (aggregated),2011-2013,Life Expectancy
Prince George's,79.6,All races/ ethnicities (aggregated),2011-2013,Life Expectancy
Queen Anne's,79.4,All races/ ethnicities (aggregated),2011-2013,Life Expectancy
Saint Mary's,79.5,All races/ ethnicities (aggregated),2011-2013,Life Expectancy
Somerset,77.2,All races/ ethnicities (aggregated),2011-2013,Life Expectancy
Talbot,81.3,All races/ ethnicities (aggregated),2011-2013,Life Expectancy
Washington,78.0,All races/ ethnicities (aggregated),2011-2013,Life Expectancy
Wicomico,77.6,All races/ ethnicities (aggregated),2011-2013,Life Expectancy
Worcester,79.6,All races/ ethnicities (aggregated),2011-2013,Life Expectancy
State,77.2,Black (Hispanic & Non-Hispanic),2011-2013,Life Expectancy
Allegany,76.5,Black (Hispanic & Non-Hispanic),2011-2013,Life Expectancy
Anne Arundel,77.8,Black (Hispanic & Non-Hispanic),2011-2013,Life Expectancy
Baltimore City,72.2,Black (Hispanic & Non-Hispanic),2011-2013,Life Expectancy
Baltimore County,78.1,Black (Hispanic & Non-Hispanic),2011-2013,Life Expectancy
Calvert,77.8,Black (Hispanic & Non-Hispanic),2011-2013,Life Expectancy
Caroline,75.5,Black (Hispanic & Non-Hispanic),2011-2013,Life Expectancy
Carroll,77.3,Black (Hispanic & Non-Hispanic),2011-2013,Life Expectancy
Cecil,77.2,Black (Hispanic & Non-Hispanic),2011-2013,Life Expectancy
Charles,78.2,Black (Hispanic & Non-Hispanic),2011-2013,Life Expectancy
Dorchester,75.4,Black (Hispanic & Non-Hispanic),2011-2013,Life Expectancy
Frederick,78.4,Black (Hispanic & Non-Hispanic),2011-2013,Life Expectancy
Garrett,,Black (Hispanic & Non-Hispanic),2011-2013,Life Expectancy
Harford,77.7,Black (Hispanic & Non-Hispanic),2011-2013,Life Expectancy
Howard,81.4,Black (Hispanic & Non-Hispanic),2011-2013,Life Expectancy
Kent,73.9,Black (Hispanic & Non-Hispanic),2011-2013,Life Expectancy
Montgomery,82.4,Black (Hispanic & Non-Hispanic),2011-2013,Life Expectancy
Prince George's,78.9,Black (Hispanic & Non-Hispanic),2011-2013,Life Expectancy
Queen Anne's,74.2,Black (Hispanic & Non-Hispanic),2011-2013,Life Expectancy
Saint Mary's,78.1,Black (Hispanic & Non-Hispanic),2011-2013,Life Expectancy
Somerset,77.4,Black (Hispanic & Non-Hispanic),2011-2013,Life Expectancy
Talbot,77.1,Black (Hispanic & Non-Hispanic),2011-2013,Life Expectancy
Washington,76.3,Black (Hispanic & Non-Hispanic),2011-2013,Life Expectancy
Wicomico,75.3,Black (Hispanic & Non-Hispanic),2011-2013,Life Expectancy
Worcester,76.3,Black (Hispanic & Non-Hispanic),2011-2013,Life Expectancy
State,80.3,White (Hispanic & Non-Hispanic),2011-2013,Life Expectancy
Allegany,77.6,White (Hispanic & Non-Hispanic),2011-2013,Life Expectancy
Anne Arundel,79.9,White (Hispanic & Non-Hispanic),2011-2013,Life Expectancy
Baltimore City,76.5,White (Hispanic & Non-Hispanic),2011-2013,Life Expectancy
Baltimore County,79.6,White (Hispanic & Non-Hispanic),2011-2013,Life Expectancy
Calvert,79.6,White (Hispanic & Non-Hispanic),2011-2013,Life Expectancy
Caroline,76.6,White (Hispanic & Non-Hispanic),2011-2013,Life Expectancy
Carroll,79.7,White (Hispanic & Non-Hispanic),2011-2013,Life Expectancy
Cecil,77.2,White (Hispanic & Non-Hispanic),2011-2013,Life Expectancy
Charles,78.7,White (Hispanic & Non-Hispanic),2011-2013,Life Expectancy
Dorchester,79.4,White (Hispanic & Non-Hispanic),2011-2013,Life Expectancy
Frederick,80.7,White (Hispanic & Non-Hispanic),2011-2013,Life Expectancy
Garrett,79.2,White (Hispanic & Non-Hispanic),2011-2013,Life Expectancy
Harford,79.6,White (Hispanic & Non-Hispanic),2011-2013,Life Expectancy
Howard,82.3,White (Hispanic & Non-Hispanic),2011-2013,Life Expectancy
Kent,81.0,White (Hispanic & Non-Hispanic),2011-2013,Life Expectancy
Montgomery,84.3,White (Hispanic & Non-Hispanic),2011-2013,Life Expectancy
Prince George's,80.6,White (Hispanic & Non-Hispanic),2011-2013,Life Expectancy
Queen Anne's,79.7,White (Hispanic & Non-Hispanic),2011-2013,Life Expectancy
Saint Mary's,79.5,White (Hispanic & Non-Hispanic),2011-2013,Life Expectancy
Somerset,76.3,White (Hispanic & Non-Hispanic),2011-2013,Life Expectancy
Talbot,82.0,White (Hispanic & Non-Hispanic),2011-2013,Life Expectancy
Washington,77.9,White (Hispanic & Non-Hispanic),2011-2013,Life Expectancy
Wicomico,78.4,White (Hispanic & Non-Hispanic),2011-2013,Life Expectancy
Worcester,79.9,White (Hispanic & Non-Hispanic),2011-2013,Life Expectancy
State,79.8,All races/ ethnicities (aggregated),2012-2014,Life Expectancy
Allegany,77.5,All races/ ethnicities (aggregated),2012-2014,Life Expectancy
Anne Arundel,79.8,All races/ ethnicities (aggregated),2012-2014,Life Expectancy
Baltimore City,74.1,All races/ ethnicities (aggregated),2012-2014,Life Expectancy
Baltimore County,79.4,All races/ ethnicities (aggregated),2012-2014,Life Expectancy
Calvert,79.9,All races/ ethnicities (aggregated),2012-2014,Life Expectancy
Caroline,76.4,All races/ ethnicities (aggregated),2012-2014,Life Expectancy
Carroll,79.3,All races/ ethnicities (aggregated),2012-2014,Life Expectancy
Cecil,77.7,All races/ ethnicities (aggregated),2012-2014,Life Expectancy
Charles,79.1,All races/ ethnicities (aggregated),2012-2014,Life Expectancy
Dorchester,78.0,All races/ ethnicities (aggregated),2012-2014,Life Expectancy
Frederick,80.7,All races/ ethnicities (aggregated),2012-2014,Life Expectancy
Garrett,79.5,All races/ ethnicities (aggregated),2012-2014,Life Expectancy
Harford,79.6,All races/ ethnicities (aggregated),2012-2014,Life Expectancy
Howard,83.0,All races/ ethnicities (aggregated),2012-2014,Life Expectancy
Kent,79.8,All races/ ethnicities (aggregated),2012-2014,Life Expectancy
Montgomery,84.6,All races/ ethnicities (aggregated),2012-2014,Life Expectancy
Prince George's,80.0,All races/ ethnicities (aggregated),2012-2014,Life Expectancy
Queen Anne's,79.2,All races/ ethnicities (aggregated),2012-2014,Life Expectancy
Saint Mary's,79.3,All races/ ethnicities (aggregated),2012-2014,Life Expectancy
Somerset,77.2,All races/ ethnicities (aggregated),2012-2014,Life Expectancy
Talbot,81.3,All races/ ethnicities (aggregated),2012-2014,Life Expectancy
Washington,77.5,All races/ ethnicities (aggregated),2012-2014,Life Expectancy
Wicomico,77.3,All races/ ethnicities (aggregated),2012-2014,Life Expectancy
Worcester,80.0,All races/ ethnicities (aggregated),2012-2014,Life Expectancy
State,,Asian/ Pacific Islander Non-Hispanic,2012-2014,Life Expectancy
Allegany,,Asian/ Pacific Islander Non-Hispanic,2012-2014,Life Expectancy
Anne Arundel,,Asian/ Pacific Islander Non-Hispanic,2012-2014,Life Expectancy
Baltimore City,,Asian/ Pacific Islander Non-Hispanic,2012-2014,Life Expectancy
Baltimore County,,Asian/ Pacific Islander Non-Hispanic,2012-2014,Life Expectancy
Calvert,,Asian/ Pacific Islander Non-Hispanic,2012-2014,Life Expectancy
Caroline,,Asian/ Pacific Islander Non-Hispanic,2012-2014,Life Expectancy
Carroll,,Asian/ Pacific Islander Non-Hispanic,2012-2014,Life Expectancy
Cecil,,Asian/ Pacific Islander Non-Hispanic,2012-2014,Life Expectancy
Charles,,Asian/ Pacific Islander Non-Hispanic,2012-2014,Life Expectancy
Dorchester,,Asian/ Pacific Islander Non-Hispanic,2012-2014,Life Expectancy
Frederick,,Asian/ Pacific Islander Non-Hispanic,2012-2014,Life Expectancy
Garrett,,Asian/ Pacific Islander Non-Hispanic,2012-2014,Life Expectancy
Harford,,Asian/ Pacific Islander Non-Hispanic,2012-2014,Life Expectancy
Howard,,Asian/ Pacific Islander Non-Hispanic,2012-2014,Life Expectancy
Kent,,Asian/ Pacific Islander Non-Hispanic,2012-2014,Life Expectancy
Montgomery,,Asian/ Pacific Islander Non-Hispanic,2012-2014,Life Expectancy
Prince George's,,Asian/ Pacific Islander Non-Hispanic,2012-2014,Life Expectancy
Queen Anne's,,Asian/ Pacific Islander Non-Hispanic,2012-2014,Life Expectancy
Saint Mary's,,Asian/ Pacific Islander Non-Hispanic,2012-2014,Life Expectancy
Somerset,,Asian/ Pacific Islander Non-Hispanic,2012-2014,Life Expectancy
Talbot,,Asian/ Pacific Islander Non-Hispanic,2012-2014,Life Expectancy
Washington,,Asian/ Pacific Islander Non-Hispanic,2012-2014,Life Expectancy
Wicomico,,Asian/ Pacific Islander Non-Hispanic,2012-2014,Life Expectancy
Worcester,,Asian/ Pacific Islander Non-Hispanic,2012-2014,Life Expectancy
State,77.5,Black (Hispanic & Non-Hispanic),2012-2014,Life Expectancy
Allegany,76.7,Black (Hispanic & Non-Hispanic),2012-2014,Life Expectancy
Anne Arundel,78.2,Black (Hispanic & Non-Hispanic),2012-2014,Life Expectancy
Baltimore City,72.3,Black (Hispanic & Non-Hispanic),2012-2014,Life Expectancy
Baltimore County,78.4,Black (Hispanic & Non-Hispanic),2012-2014,Life Expectancy
Calvert,77.7,Black (Hispanic & Non-Hispanic),2012-2014,Life Expectancy
Caroline,77.0,Black (Hispanic & Non-Hispanic),2012-2014,Life Expectancy
Carroll,78.0,Black (Hispanic & Non-Hispanic),2012-2014,Life Expectancy
Cecil,76.5,Black (Hispanic & Non-Hispanic),2012-2014,Life Expectancy
Charles,79.0,Black (Hispanic & Non-Hispanic),2012-2014,Life Expectancy
Dorchester,75.1,Black (Hispanic & Non-Hispanic),2012-2014,Life Expectancy
Frederick,78.0,Black (Hispanic & Non-Hispanic),2012-2014,Life Expectancy
Garrett,,Black (Hispanic & Non-Hispanic),2012-2014,Life Expectancy
Harford,78.4,Black (Hispanic & Non-Hispanic),2012-2014,Life Expectancy
Howard,81.8,Black (Hispanic & Non-Hispanic),2012-2014,Life Expectancy
Kent,74.6,Black (Hispanic & Non-Hispanic),2012-2014,Life Expectancy
Montgomery,82.5,Black (Hispanic & Non-Hispanic),2012-2014,Life Expectancy
Prince George's,79.3,Black (Hispanic & Non-Hispanic),2012-2014,Life Expectancy
Queen Anne's,74.2,Black (Hispanic & Non-Hispanic),2012-2014,Life Expectancy
Saint Mary's,76.9,Black (Hispanic & Non-Hispanic),2012-2014,Life Expectancy
Somerset,77.2,Black (Hispanic & Non-Hispanic),2012-2014,Life Expectancy
Talbot,77.4,Black (Hispanic & Non-Hispanic),2012-2014,Life Expectancy
Washington,76.2,Black (Hispanic & Non-Hispanic),2012-2014,Life Expectancy
Wicomico,74.7,Black (Hispanic & Non-Hispanic),2012-2014,Life Expectancy
Worcester,75.8,Black (Hispanic & Non-Hispanic),2012-2014,Life Expectancy
State,80.4,White (Hispanic & Non-Hispanic),2012-2014,Life Expectancy
Allegany,77.3,White (Hispanic & Non-Hispanic),2012-2014,Life Expectancy
Anne Arundel,79.9,White (Hispanic & Non-Hispanic),2012-2014,Life Expectancy
Baltimore City,76.8,White (Hispanic & Non-Hispanic),2012-2014,Life Expectancy
Baltimore County,79.5,White (Hispanic & Non-Hispanic),2012-2014,Life Expectancy
Calvert,80.2,White (Hispanic & Non-Hispanic),2012-2014,Life Expectancy
Caroline,76.4,White (Hispanic & Non-Hispanic),2012-2014,Life Expectancy
Carroll,79.2,White (Hispanic & Non-Hispanic),2012-2014,Life Expectancy
Cecil,77.8,White (Hispanic & Non-Hispanic),2012-2014,Life Expectancy
Charles,79.1,White (Hispanic & Non-Hispanic),2012-2014,Life Expectancy
Dorchester,79.0,White (Hispanic & Non-Hispanic),2012-2014,Life Expectancy
Frederick,80.6,White (Hispanic & Non-Hispanic),2012-2014,Life Expectancy
Garrett,79.6,White (Hispanic & Non-Hispanic),2012-2014,Life Expectancy
Harford,79.6,White (Hispanic & Non-Hispanic),2012-2014,Life Expectancy
Howard,82.8,White (Hispanic & Non-Hispanic),2012-2014,Life Expectancy
Kent,80.9,White (Hispanic & Non-Hispanic),2012-2014,Life Expectancy
Montgomery,84.4,White (Hispanic & Non-Hispanic),2012-2014,Life Expectancy
Prince George's,80.7,White (Hispanic & Non-Hispanic),2012-2014,Life Expectancy
Queen Anne's,79.5,White (Hispanic & Non-Hispanic),2012-2014,Life Expectancy
Saint Mary's,79.5,White (Hispanic & Non-Hispanic),2012-2014,Life Expectancy
Somerset,76.5,White (Hispanic & Non-Hispanic),2012-2014,Life Expectancy
Talbot,82.0,White (Hispanic & Non-Hispanic),2012-2014,Life Expectancy
Washington,77.5,White (Hispanic & Non-Hispanic),2012-2014,Life Expectancy
Wicomico,78.1,White (Hispanic & Non-Hispanic),2012-2014,Life Expectancy
Worcester,80.5,White (Hispanic & Non-Hispanic),2012-2014,Life Expectancy
State,79.7,All races/ ethnicities (aggregated),2013-2015,Life Expectancy
Allegany,76.9,All races/ ethnicities (aggregated),2013-2015,Life Expectancy
Anne Arundel,79.8,All races/ ethnicities (aggregated),2013-2015,Life Expectancy
Baltimore City,73.9,All races/ ethnicities (aggregated),2013-2015,Life Expectancy
Baltimore County,79.1,All races/ ethnicities (aggregated),2013-2015,Life Expectancy
Calvert,80.1,All races/ ethnicities (aggregated),2013-2015,Life Expectancy
Caroline,76.1,All races/ ethnicities (aggregated),2013-2015,Life Expectancy
Carroll,79.3,All races/ ethnicities (aggregated),2013-2015,Life Expectancy
Cecil,77.1,All races/ ethnicities (aggregated),2013-2015,Life Expectancy
Charles,79.5,All races/ ethnicities (aggregated),2013-2015,Life Expectancy
Dorchester,77.6,All races/ ethnicities (aggregated),2013-2015,Life Expectancy
Frederick,80.8,All races/ ethnicities (aggregated),2013-2015,Life Expectancy
Garrett,78.8,All races/ ethnicities (aggregated),2013-2015,Life Expectancy
Harford,79.7,All races/ ethnicities (aggregated),2013-2015,Life Expectancy
Howard,82.9,All races/ ethnicities (aggregated),2013-2015,Life Expectancy
Kent,79.5,All races/ ethnicities (aggregated),2013-2015,Life Expectancy
Montgomery,84.6,All races/ ethnicities (aggregated),2013-2015,Life Expectancy
Prince George's,79.9,All races/ ethnicities (aggregated),2013-2015,Life Expectancy
Queen Anne's,79.6,All races/ ethnicities (aggregated),2013-2015,Life Expectancy
Saint Mary's,79.1,All races/ ethnicities (aggregated),2013-2015,Life Expectancy
Somerset,76.3,All races/ ethnicities (aggregated),2013-2015,Life Expectancy
Talbot,80.8,All races/ ethnicities (aggregated),2013-2015,Life Expectancy
Washington,77.4,All races/ ethnicities (aggregated),2013-2015,Life Expectancy
Wicomico,77.4,All races/ ethnicities (aggregated),2013-2015,Life Expectancy
Worcester,79.4,All races/ ethnicities (aggregated),2013-2015,Life Expectancy
State,,Asian/ Pacific Islander Non-Hispanic,2013-2015,Life Expectancy
Allegany,,Asian/ Pacific Islander Non-Hispanic,2013-2015,Life Expectancy
Anne Arundel,,Asian/ Pacific Islander Non-Hispanic,2013-2015,Life Expectancy
Baltimore City,,Asian/ Pacific Islander Non-Hispanic,2013-2015,Life Expectancy
Baltimore County,,Asian/ Pacific Islander Non-Hispanic,2013-2015,Life Expectancy
Calvert,,Asian/ Pacific Islander Non-Hispanic,2013-2015,Life Expectancy
Caroline,,Asian/ Pacific Islander Non-Hispanic,2013-2015,Life Expectancy
Carroll,,Asian/ Pacific Islander Non-Hispanic,2013-2015,Life Expectancy
Cecil,,Asian/ Pacific Islander Non-Hispanic,2013-2015,Life Expectancy
Charles,,Asian/ Pacific Islander Non-Hispanic,2013-2015,Life Expectancy
Dorchester,,Asian/ Pacific Islander Non-Hispanic,2013-2015,Life Expectancy
Frederick,,Asian/ Pacific Islander Non-Hispanic,2013-2015,Life Expectancy
Garrett,,Asian/ Pacific Islander Non-Hispanic,2013-2015,Life Expectancy
Harford,,Asian/ Pacific Islander Non-Hispanic,2013-2015,Life Expectancy
Howard,,Asian/ Pacific Islander Non-Hispanic,2013-2015,Life Expectancy
Kent,,Asian/ Pacific Islander Non-Hispanic,2013-2015,Life Expectancy
Montgomery,,Asian/ Pacific Islander Non-Hispanic,2013-2015,Life Expectancy
Prince George's,,Asian/ Pacific Islander Non-Hispanic,2013-2015,Life Expectancy
Queen Anne's,,Asian/ Pacific Islander Non-Hispanic,2013-2015,Life Expectancy
Saint Mary's,,Asian/ Pacific Islander Non-Hispanic,2013-2015,Life Expectancy
Somerset,,Asian/ Pacific Islander Non-Hispanic,2013-2015,Life Expectancy
Talbot,,Asian/ Pacific Islander Non-Hispanic,2013-2015,Life Expectancy
Washington,,Asian/ Pacific Islander Non-Hispanic,2013-2015,Life Expectancy
Wicomico,,Asian/ Pacific Islander Non-Hispanic,2013-2015,Life Expectancy
Worcester,,Asian/ Pacific Islander Non-Hispanic,2013-2015,Life Expectancy
State,77.3,Black (Hispanic & Non-Hispanic),2013-2015,Life Expectancy
Allegany,78.5,Black (Hispanic & Non-Hispanic),2013-2015,Life Expectancy
Anne Arundel,78.1,Black (Hispanic & Non-Hispanic),2013-2015,Life Expectancy
Baltimore City,72.0,Black (Hispanic & Non-Hispanic),2013-2015,Life Expectancy
Baltimore County,78.0,Black (Hispanic & Non-Hispanic),2013-2015,Life Expectancy
Calvert,77.6,Black (Hispanic & Non-Hispanic),2013-2015,Life Expectancy
Caroline,75.4,Black (Hispanic & Non-Hispanic),2013-2015,Life Expectancy
Carroll,77.2,Black (Hispanic & Non-Hispanic),2013-2015,Life Expectancy
Cecil,73.9,Black (Hispanic & Non-Hispanic),2013-2015,Life Expectancy
Charles,79.7,Black (Hispanic & Non-Hispanic),2013-2015,Life Expectancy
Dorchester,75.7,Black (Hispanic & Non-Hispanic),2013-2015,Life Expectancy
Frederick,78.2,Black (Hispanic & Non-Hispanic),2013-2015,Life Expectancy
Garrett,,Black (Hispanic & Non-Hispanic),2013-2015,Life Expectancy
Harford,78.3,Black (Hispanic & Non-Hispanic),2013-2015,Life Expectancy
Howard,81.4,Black (Hispanic & Non-Hispanic),2013-2015,Life Expectancy
Kent,74.5,Black (Hispanic & Non-Hispanic),2013-2015,Life Expectancy
Montgomery,82.7,Black (Hispanic & Non-Hispanic),2013-2015,Life Expectancy
Prince George's,79.3,Black (Hispanic & Non-Hispanic),2013-2015,Life Expectancy
Queen Anne's,77.2,Black (Hispanic & Non-Hispanic),2013-2015,Life Expectancy
Saint Mary's,76.6,Black (Hispanic & Non-Hispanic),2013-2015,Life Expectancy
Somerset,75.8,Black (Hispanic & Non-Hispanic),2013-2015,Life Expectancy
Talbot,76.5,Black (Hispanic & Non-Hispanic),2013-2015,Life Expectancy
Washington,75.7,Black (Hispanic & Non-Hispanic),2013-2015,Life Expectancy
Wicomico,75.6,Black (Hispanic & Non-Hispanic),2013-2015,Life Expectancy
Worcester,74.5,Black (Hispanic & Non-Hispanic),2013-2015,Life Expectancy
State,,Hispanic,2013-2015,Life Expectancy
Allegany,,Hispanic,2013-2015,Life Expectancy
Anne Arundel,,Hispanic,2013-2015,Life Expectancy
Baltimore City,,Hispanic,2013-2015,Life Expectancy
Baltimore County,,Hispanic,2013-2015,Life Expectancy
Calvert,,Hispanic,2013-2015,Life Expectancy
Caroline,,Hispanic,2013-2015,Life Expectancy
Carroll,,Hispanic,2013-2015,Life Expectancy
Cecil,,Hispanic,2013-2015,Life Expectancy
Charles,,Hispanic,2013-2015,Life Expectancy
Dorchester,,Hispanic,2013-2015,Life Expectancy
Frederick,,Hispanic,2013-2015,Life Expectancy
Garrett,,Hispanic,2013-2015,Life Expectancy
Harford,,Hispanic,2013-2015,Life Expectancy
Howard,,Hispanic,2013-2015,Life Expectancy
Kent,,Hispanic,2013-2015,Life Expectancy
Montgomery,,Hispanic,2013-2015,Life Expectancy
Prince George's,,Hispanic,2013-2015,Life Expectancy
Queen Anne's,,Hispanic,2013-2015,Life Expectancy
Saint Mary's,,Hispanic,2013-2015,Life Expectancy
Somerset,,Hispanic,2013-2015,Life Expectancy
Talbot,,Hispanic,2013-2015,Life Expectancy
Washington,,Hispanic,2013-2015,Life Expectancy
Wicomico,,Hispanic,2013-2015,Life Expectancy
Worcester,,Hispanic,2013-2015,Life Expectancy
State,80.3,White (Hispanic & Non-Hispanic),2013-2015,Life Expectancy
Allegany,76.6,White (Hispanic & Non-Hispanic),2013-2015,Life Expectancy
Anne Arundel,79.9,White (Hispanic & Non-Hispanic),2013-2015,Life Expectancy
Baltimore City,76.9,White (Hispanic & Non-Hispanic),2013-2015,Life Expectancy
Baltimore County,79.1,White (Hispanic & Non-Hispanic),2013-2015,Life Expectancy
Calvert,80.3,White (Hispanic & Non-Hispanic),2013-2015,Life Expectancy
Caroline,76.3,White (Hispanic & Non-Hispanic),2013-2015,Life Expectancy
Carroll,79.2,White (Hispanic & Non-Hispanic),2013-2015,Life Expectancy
Cecil,77.2,White (Hispanic & Non-Hispanic),2013-2015,Life Expectancy
Charles,79.3,White (Hispanic & Non-Hispanic),2013-2015,Life Expectancy
Dorchester,78.2,White (Hispanic & Non-Hispanic),2013-2015,Life Expectancy
Frederick,80.7,White (Hispanic & Non-Hispanic),2013-2015,Life Expectancy
Garrett,78.9,White (Hispanic & Non-Hispanic),2013-2015,Life Expectancy
Harford,79.8,White (Hispanic & Non-Hispanic),2013-2015,Life Expectancy
Howard,82.7,White (Hispanic & Non-Hispanic),2013-2015,Life Expectancy
Kent,80.6,White (Hispanic & Non-Hispanic),2013-2015,Life Expectancy
Montgomery,84.4,White (Hispanic & Non-Hispanic),2013-2015,Life Expectancy
Prince George's,80.5,White (Hispanic & Non-Hispanic),2013-2015,Life Expectancy
Queen Anne's,79.7,White (Hispanic & Non-Hispanic),2013-2015,Life Expectancy
Saint Mary's,79.4,White (Hispanic & Non-Hispanic),2013-2015,Life Expectancy
Somerset,76.0,White (Hispanic & Non-Hispanic),2013-2015,Life Expectancy
Talbot,81.6,White (Hispanic & Non-Hispanic),2013-2015,Life Expectancy
Washington,77.4,White (Hispanic & Non-Hispanic),2013-2015,Life Expectancy
Wicomico,77.9,White (Hispanic & Non-Hispanic),2013-2015,Life Expectancy
Worcester,80.2,White (Hispanic & Non-Hispanic),2013-2015,Life Expectancy
State,79.5,All races/ ethnicities (aggregated),2014-2016,Life Expectancy
Allegany,76.4,All races/ ethnicities (aggregated),2014-2016,Life Expectancy
Anne Arundel,79.6,All races/ ethnicities (aggregated),2014-2016,Life Expectancy
Baltimore City,73.4,All races/ ethnicities (aggregated),2014-2016,Life Expectancy
Baltimore County,78.7,All races/ ethnicities (aggregated),2014-2016,Life Expectancy
Calvert,79.7,All races/ ethnicities (aggregated),2014-2016,Life Expectancy
Caroline,76.1,All races/ ethnicities (aggregated),2014-2016,Life Expectancy
Carroll,79.1,All races/ ethnicities (aggregated),2014-2016,Life Expectancy
Cecil,76.8,All races/ ethnicities (aggregated),2014-2016,Life Expectancy
Charles,79.2,All races/ ethnicities (aggregated),2014-2016,Life Expectancy
Dorchester,76.8,All races/ ethnicities (aggregated),2014-2016,Life Expectancy
Frederick,80.2,All races/ ethnicities (aggregated),2014-2016,Life Expectancy
Garrett,78.9,All races/ ethnicities (aggregated),2014-2016,Life Expectancy
Harford,79.4,All races/ ethnicities (aggregated),2014-2016,Life Expectancy
Howard,83.3,All races/ ethnicities (aggregated),2014-2016,Life Expectancy
Kent,79.6,All races/ ethnicities (aggregated),2014-2016,Life Expectancy
Montgomery,84.9,All races/ ethnicities (aggregated),2014-2016,Life Expectancy
Prince George's,79.6,All races/ ethnicities (aggregated),2014-2016,Life Expectancy
Queen Anne's,79.4,All races/ ethnicities (aggregated),2014-2016,Life Expectancy
Saint Mary's,79.5,All races/ ethnicities (aggregated),2014-2016,Life Expectancy
Somerset,76.3,All races/ ethnicities (aggregated),2014-2016,Life Expectancy
Talbot,81.1,All races/ ethnicities (aggregated),2014-2016,Life Expectancy
Washington,77.5,All races/ ethnicities (aggregated),2014-2016,Life Expectancy
Wicomico,76.9,All races/ ethnicities (aggregated),2014-2016,Life Expectancy
Worcester,78.5,All races/ ethnicities (aggregated),2014-2016,Life Expectancy
State,,Asian/ Pacific Islander Non-Hispanic,2014-2016,Life Expectancy
Allegany,,Asian/ Pacific Islander Non-Hispanic,2014-2016,Life Expectancy
Anne Arundel,,Asian/ Pacific Islander Non-Hispanic,2014-2016,Life Expectancy
Baltimore City,,Asian/ Pacific Islander Non-Hispanic,2014-2016,Life Expectancy
Baltimore County,,Asian/ Pacific Islander Non-Hispanic,2014-2016,Life Expectancy
Calvert,,Asian/ Pacific Islander Non-Hispanic,2014-2016,Life Expectancy
Caroline,,Asian/ Pacific Islander Non-Hispanic,2014-2016,Life Expectancy
Carroll,,Asian/ Pacific Islander Non-Hispanic,2014-2016,Life Expectancy
Cecil,,Asian/ Pacific Islander Non-Hispanic,2014-2016,Life Expectancy
Charles,,Asian/ Pacific Islander Non-Hispanic,2014-2016,Life Expectancy
Dorchester,,Asian/ Pacific Islander Non-Hispanic,2014-2016,Life Expectancy
Frederick,,Asian/ Pacific Islander Non-Hispanic,2014-2016,Life Expectancy
Garrett,,Asian/ Pacific Islander Non-Hispanic,2014-2016,Life Expectancy
Harford,,Asian/ Pacific Islander Non-Hispanic,2014-2016,Life Expectancy
Howard,,Asian/ Pacific Islander Non-Hispanic,2014-2016,Life Expectancy
Kent,,Asian/ Pacific Islander Non-Hispanic,2014-2016,Life Expectancy
Montgomery,,Asian/ Pacific Islander Non-Hispanic,2014-2016,Life Expectancy
Prince George's,,Asian/ Pacific Islander Non-Hispanic,2014-2016,Life Expectancy
Queen Anne's,,Asian/ Pacific Islander Non-Hispanic,2014-2016,Life Expectancy
Saint Mary's,,Asian/ Pacific Islander Non-Hispanic,2014-2016,Life Expectancy
Somerset,,Asian/ Pacific Islander Non-Hispanic,2014-2016,Life Expectancy
Talbot,,Asian/ Pacific Islander Non-Hispanic,2014-2016,Life Expectancy
Washington,,Asian/ Pacific Islander Non-Hispanic,2014-2016,Life Expectancy
Wicomico,,Asian/ Pacific Islander Non-Hispanic,2014-2016,Life Expectancy
Worcester,,Asian/ Pacific Islander Non-Hispanic,2014-2016,Life Expectancy
State,77.2,Black (Hispanic & Non-Hispanic),2014-2016,Life Expectancy
Allegany,80.4,Black (Hispanic & Non-Hispanic),2014-2016,Life Expectancy
Anne Arundel,77.8,Black (Hispanic & Non-Hispanic),2014-2016,Life Expectancy
Baltimore City,71.6,Black (Hispanic & Non-Hispanic),2014-2016,Life Expectancy
Baltimore County,77.4,Black (Hispanic & Non-Hispanic),2014-2016,Life Expectancy
Calvert,77.4,Black (Hispanic & Non-Hispanic),2014-2016,Life Expectancy
Caroline,74.2,Black (Hispanic & Non-Hispanic),2014-2016,Life Expectancy
Carroll,78.0,Black (Hispanic & Non-Hispanic),2014-2016,Life Expectancy
Cecil,72.4,Black (Hispanic & Non-Hispanic),2014-2016,Life Expectancy
Charles,79.3,Black (Hispanic & Non-Hispanic),2014-2016,Life Expectancy
Dorchester,74.6,Black (Hispanic & Non-Hispanic),2014-2016,Life Expectancy
Frederick,77.8,Black (Hispanic & Non-Hispanic),2014-2016,Life Expectancy
Garrett,,Black (Hispanic & Non-Hispanic),2014-2016,Life Expectancy
Harford,77.5,Black (Hispanic & Non-Hispanic),2014-2016,Life Expectancy
Howard,82.1,Black (Hispanic & Non-Hispanic),2014-2016,Life Expectancy
Kent,75.1,Black (Hispanic & Non-Hispanic),2014-2016,Life Expectancy
Montgomery,82.9,Black (Hispanic & Non-Hispanic),2014-2016,Life Expectancy
Prince George's,79.1,Black (Hispanic & Non-Hispanic),2014-2016,Life Expectancy
Queen Anne's,76.4,Black (Hispanic & Non-Hispanic),2014-2016,Life Expectancy
Saint Mary's,77.3,Black (Hispanic & Non-Hispanic),2014-2016,Life Expectancy
Somerset,75.9,Black (Hispanic & Non-Hispanic),2014-2016,Life Expectancy
Talbot,77.8,Black (Hispanic & Non-Hispanic),2014-2016,Life Expectancy
Washington,76.3,Black (Hispanic & Non-Hispanic),2014-2016,Life Expectancy
Wicomico,74.7,Black (Hispanic & Non-Hispanic),2014-2016,Life Expectancy
Worcester,72.5,Black (Hispanic & Non-Hispanic),2014-2016,Life Expectancy
Charles,,Hispanic,2014-2016,Life Expectancy
State,,Hispanic,2014-2016,Life Expectancy
Allegany,,Hispanic,2014-2016,Life Expectancy
Anne Arundel,,Hispanic,2014-2016,Life Expectancy
Baltimore City,,Hispanic,2014-2016,Life Expectancy
Baltimore County,,Hispanic,2014-2016,Life Expectancy
Calvert,,Hispanic,2014-2016,Life Expectancy
Caroline,,Hispanic,2014-2016,Life Expectancy
Carroll,,Hispanic,2014-2016,Life Expectancy
Cecil,,Hispanic,2014-2016,Life Expectancy
Dorchester,,Hispanic,2014-2016,Life Expectancy
Frederick,,Hispanic,2014-2016,Life Expectancy
Garrett,,Hispanic,2014-2016,Life Expectancy
Harford,,Hispanic,2014-2016,Life Expectancy
Howard,,Hispanic,2014-2016,Life Expectancy
Kent,,Hispanic,2014-2016,Life Expectancy
Montgomery,,Hispanic,2014-2016,Life Expectancy
Prince George's,,Hispanic,2014-2016,Life Expectancy
Queen Anne's,,Hispanic,2014-2016,Life Expectancy
Saint Mary's,,Hispanic,2014-2016,Life Expectancy
Somerset,,Hispanic,2014-2016,Life Expectancy
Talbot,,Hispanic,2014-2016,Life Expectancy
Washington,,Hispanic,2014-2016,Life Expectancy
Wicomico,,Hispanic,2014-2016,Life Expectancy
Worcester,,Hispanic,2014-2016,Life Expectancy
State,80.1,White (Hispanic & Non-Hispanic),2014-2016,Life Expectancy
Allegany,76.0,White (Hispanic & Non-Hispanic),2014-2016,Life Expectancy
Anne Arundel,79.7,White (Hispanic & Non-Hispanic),2014-2016,Life Expectancy
Baltimore City,76.6,White (Hispanic & Non-Hispanic),2014-2016,Life Expectancy
Baltimore County,78.8,White (Hispanic & Non-Hispanic),2014-2016,Life Expectancy
Calvert,80.0,White (Hispanic & Non-Hispanic),2014-2016,Life Expectancy
Caroline,76.4,White (Hispanic & Non-Hispanic),2014-2016,Life Expectancy
Carroll,79.1,White (Hispanic & Non-Hispanic),2014-2016,Life Expectancy
Cecil,77.1,White (Hispanic & Non-Hispanic),2014-2016,Life Expectancy
Charles,78.9,White (Hispanic & Non-Hispanic),2014-2016,Life Expectancy
Dorchester,77.7,White (Hispanic & Non-Hispanic),2014-2016,Life Expectancy
Frederick,80.2,White (Hispanic & Non-Hispanic),2014-2016,Life Expectancy
Garrett,78.9,White (Hispanic & Non-Hispanic),2014-2016,Life Expectancy
Harford,79.5,White (Hispanic & Non-Hispanic),2014-2016,Life Expectancy
Howard,82.8,White (Hispanic & Non-Hispanic),2014-2016,Life Expectancy
Kent,80.4,White (Hispanic & Non-Hispanic),2014-2016,Life Expectancy
Montgomery,84.7,White (Hispanic & Non-Hispanic),2014-2016,Life Expectancy
Prince George's,80.2,White (Hispanic & Non-Hispanic),2014-2016,Life Expectancy
Somerset,74.1,Black or African American,2019-2021,Life Expectancy
Queen Anne's,79.6,White (Hispanic & Non-Hispanic),2014-2016,Life Expectancy
Saint Mary's,79.8,White (Hispanic & Non-Hispanic),2014-2016,Life Expectancy
Somerset,76.5,White (Hispanic & Non-Hispanic),2014-2016,Life Expectancy
Talbot,81.7,White (Hispanic & Non-Hispanic),2014-2016,Life Expectancy
Washington,77.5,White (Hispanic & Non-Hispanic),2014-2016,Life Expectancy
Wicomico,77.6,White (Hispanic & Non-Hispanic),2014-2016,Life Expectancy
Worcester,79.7,White (Hispanic & Non-Hispanic),2014-2016,Life Expectancy
State,79.2,All races/ ethnicities (aggregated),2015-2017,Life Expectancy
Allegany,76.0,All races/ ethnicities (aggregated),2015-2017,Life Expectancy
Anne Arundel,79.5,All races/ ethnicities (aggregated),2015-2017,Life Expectancy
Baltimore City,72.8,All races/ ethnicities (aggregated),2015-2017,Life Expectancy
Baltimore County,78.3,All races/ ethnicities (aggregated),2015-2017,Life Expectancy
Calvert,79.3,All races/ ethnicities (aggregated),2015-2017,Life Expectancy
Caroline,76.2,All races/ ethnicities (aggregated),2015-2017,Life Expectancy
Carroll,79.0,All races/ ethnicities (aggregated),2015-2017,Life Expectancy
Cecil,76.1,All races/ ethnicities (aggregated),2015-2017,Life Expectancy
Charles,78.9,All races/ ethnicities (aggregated),2015-2017,Life Expectancy
Dorchester,76.1,All races/ ethnicities (aggregated),2015-2017,Life Expectancy
Frederick,80.0,All races/ ethnicities (aggregated),2015-2017,Life Expectancy
Garrett,78.2,All races/ ethnicities (aggregated),2015-2017,Life Expectancy
Harford,79.0,All races/ ethnicities (aggregated),2015-2017,Life Expectancy
Howard,83.5,All races/ ethnicities (aggregated),2015-2017,Life Expectancy
Kent,79.1,All races/ ethnicities (aggregated),2015-2017,Life Expectancy
Montgomery,84.8,All races/ ethnicities (aggregated),2015-2017,Life Expectancy
Prince George's,79.1,All races/ ethnicities (aggregated),2015-2017,Life Expectancy
Queen Anne's,79.8,All races/ ethnicities (aggregated),2015-2017,Life Expectancy
Saint Mary's,79.2,All races/ ethnicities (aggregated),2015-2017,Life Expectancy
Somerset,75.0,All races/ ethnicities (aggregated),2015-2017,Life Expectancy
Talbot,81.3,All races/ ethnicities (aggregated),2015-2017,Life Expectancy
Washington,77.5,All races/ ethnicities (aggregated),2015-2017,Life Expectancy
Wicomico,76.7,All races/ ethnicities (aggregated),2015-2017,Life Expectancy
Worcester,77.9,All races/ ethnicities (aggregated),2015-2017,Life Expectancy
State,76.9,Black (Hispanic & Non-Hispanic),2015-2017,Life Expectancy
Allegany,78.1,Black (Hispanic & Non-Hispanic),2015-2017,Life Expectancy
Anne Arundel,78.3,Black (Hispanic & Non-Hispanic),2015-2017,Life Expectancy
Baltimore City,70.9,Black (Hispanic & Non-Hispanic),2015-2017,Life Expectancy
Baltimore County,77.3,Black (Hispanic & Non-Hispanic),2015-2017,Life Expectancy
Calvert,77.0,Black (Hispanic & Non-Hispanic),2015-2017,Life Expectancy
Caroline,75.1,Black (Hispanic & Non-Hispanic),2015-2017,Life Expectancy
Carroll,77.3,Black (Hispanic & Non-Hispanic),2015-2017,Life Expectancy
Cecil,72.1,Black (Hispanic & Non-Hispanic),2015-2017,Life Expectancy
Charles,79.5,Black (Hispanic & Non-Hispanic),2015-2017,Life Expectancy
Dorchester,73.2,Black (Hispanic & Non-Hispanic),2015-2017,Life Expectancy
Frederick,77.9,Black (Hispanic & Non-Hispanic),2015-2017,Life Expectancy
Garrett,,Black (Hispanic & Non-Hispanic),2015-2017,Life Expectancy
Harford,76.8,Black (Hispanic & Non-Hispanic),2015-2017,Life Expectancy
Howard,82.0,Black (Hispanic & Non-Hispanic),2015-2017,Life Expectancy
Kent,75.6,Black (Hispanic & Non-Hispanic),2015-2017,Life Expectancy
Montgomery,83.1,Black (Hispanic & Non-Hispanic),2015-2017,Life Expectancy
Prince George's,78.7,Black (Hispanic & Non-Hispanic),2015-2017,Life Expectancy
Queen Anne's,74.1,Black (Hispanic & Non-Hispanic),2015-2017,Life Expectancy
Saint Mary's,77.6,Black (Hispanic & Non-Hispanic),2015-2017,Life Expectancy
Somerset,75.0,Black (Hispanic & Non-Hispanic),2015-2017,Life Expectancy
Talbot,77.1,Black (Hispanic & Non-Hispanic),2015-2017,Life Expectancy
Washington,77.8,Black (Hispanic & Non-Hispanic),2015-2017,Life Expectancy
Wicomico,74.2,Black (Hispanic & Non-Hispanic),2015-2017,Life Expectancy
Worcester,72.2,Black (Hispanic & Non-Hispanic),2015-2017,Life Expectancy
State,79.9,White (Hispanic & Non-Hispanic),2015-2017,Life Expectancy
Allegany,75.6,White (Hispanic & Non-Hispanic),2015-2017,Life Expectancy
Anne Arundel,79.5,White (Hispanic & Non-Hispanic),2015-2017,Life Expectancy
Baltimore City,76.1,White (Hispanic & Non-Hispanic),2015-2017,Life Expectancy
Baltimore County,78.4,White (Hispanic & Non-Hispanic),2015-2017,Life Expectancy
Calvert,79.6,White (Hispanic & Non-Hispanic),2015-2017,Life Expectancy
Caroline,76.3,White (Hispanic & Non-Hispanic),2015-2017,Life Expectancy
Carroll,79.0,White (Hispanic & Non-Hispanic),2015-2017,Life Expectancy
Cecil,76.3,White (Hispanic & Non-Hispanic),2015-2017,Life Expectancy
Charles,78.2,White (Hispanic & Non-Hispanic),2015-2017,Life Expectancy
Dorchester,77.5,White (Hispanic & Non-Hispanic),2015-2017,Life Expectancy
Frederick,80.0,White (Hispanic & Non-Hispanic),2015-2017,Life Expectancy
Garrett,78.2,White (Hispanic & Non-Hispanic),2015-2017,Life Expectancy
Harford,79.3,White (Hispanic & Non-Hispanic),2015-2017,Life Expectancy
Howard,83.1,White (Hispanic & Non-Hispanic),2015-2017,Life Expectancy
Kent,79.8,White (Hispanic & Non-Hispanic),2015-2017,Life Expectancy
Montgomery,84.7,White (Hispanic & Non-Hispanic),2015-2017,Life Expectancy
Prince George's,79.7,White (Hispanic & Non-Hispanic),2015-2017,Life Expectancy
Queen Anne's,80.2,White (Hispanic & Non-Hispanic),2015-2017,Life Expectancy
Saint Mary's,79.3,White (Hispanic & Non-Hispanic),2015-2017,Life Expectancy
Somerset,74.7,White (Hispanic & Non-Hispanic),2015-2017,Life Expectancy
Talbot,82.3,White (Hispanic & Non-Hispanic),2015-2017,Life Expectancy
Washington,77.5,White (Hispanic & Non-Hispanic),2015-2017,Life Expectancy
Wicomico,77.5,White (Hispanic & Non-Hispanic),2015-2017,Life Expectancy
Worcester,79.1,White (Hispanic & Non-Hispanic),2015-2017,Life Expectancy
State,79.2,All races/ ethnicities (aggregated),2016-2018,Life Expectancy
Allegany,76.3,All races/ ethnicities (aggregated),2016-2018,Life Expectancy
Anne Arundel,79.2,All races/ ethnicities (aggregated),2016-2018,Life Expectancy
Baltimore City,72.8,All races/ ethnicities (aggregated),2016-2018,Life Expectancy
Baltimore County,78.1,All races/ ethnicities (aggregated),2016-2018,Life Expectancy
Calvert,79.3,All races/ ethnicities (aggregated),2016-2018,Life Expectancy
Caroline,76.1,All races/ ethnicities (aggregated),2016-2018,Life Expectancy
Carroll,78.6,All races/ ethnicities (aggregated),2016-2018,Life Expectancy
Cecil,76.3,All races/ ethnicities (aggregated),2016-2018,Life Expectancy
Charles,78.5,All races/ ethnicities (aggregated),2016-2018,Life Expectancy
Dorchester,75.9,All races/ ethnicities (aggregated),2016-2018,Life Expectancy
Frederick,80.1,All races/ ethnicities (aggregated),2016-2018,Life Expectancy
Garrett,78.6,All races/ ethnicities (aggregated),2016-2018,Life Expectancy
Harford,78.8,All races/ ethnicities (aggregated),2016-2018,Life Expectancy
Howard,83.3,All races/ ethnicities (aggregated),2016-2018,Life Expectancy
Kent,78.9,All races/ ethnicities (aggregated),2016-2018,Life Expectancy
Montgomery,85.1,All races/ ethnicities (aggregated),2016-2018,Life Expectancy
Prince George's,79.0,All races/ ethnicities (aggregated),2016-2018,Life Expectancy
Queen Anne's,79.5,All races/ ethnicities (aggregated),2016-2018,Life Expectancy
Saint Mary's,78.7,All races/ ethnicities (aggregated),2016-2018,Life Expectancy
Somerset,75.2,All races/ ethnicities (aggregated),2016-2018,Life Expectancy
Talbot,81.4,All races/ ethnicities (aggregated),2016-2018,Life Expectancy
Washington,77.1,All races/ ethnicities (aggregated),2016-2018,Life Expectancy
Wicomico,76.2,All races/ ethnicities (aggregated),2016-2018,Life Expectancy
Worcester,78.5,All races/ ethnicities (aggregated),2016-2018,Life Expectancy
State,76.9,Black or African American,2016-2018,Life Expectancy
Allegany,75.5,Black or African American,2016-2018,Life Expectancy
Anne Arundel,77.9,Black or African American,2016-2018,Life Expectancy
Baltimore City,70.9,Black or African American,2016-2018,Life Expectancy
Baltimore County,77.0,Black or African American,2016-2018,Life Expectancy
Calvert,77.4,Black or African American,2016-2018,Life Expectancy
Caroline,74.8,Black or African American,2016-2018,Life Expectancy
Carroll,78.3,Black or African American,2016-2018,Life Expectancy
Cecil,73.3,Black or African American,2016-2018,Life Expectancy
Charles,78.2,Black or African American,2016-2018,Life Expectancy
Dorchester,72.1,Black or African American,2016-2018,Life Expectancy
Frederick,78.4,Black or African American,2016-2018,Life Expectancy
Garrett,,Black or African American,2016-2018,Life Expectancy
Harford,77.4,Black or African American,2016-2018,Life Expectancy
Howard,81.7,Black or African American,2016-2018,Life Expectancy
Kent,75.7,Black or African American,2016-2018,Life Expectancy
Montgomery,82.9,Black or African American,2016-2018,Life Expectancy
Prince George's,78.7,Black or African American,2016-2018,Life Expectancy
Queen Anne's,73.6,Black or African American,2016-2018,Life Expectancy
Saint Mary's,76.2,Black or African American,2016-2018,Life Expectancy
Somerset,75.5,Black or African American,2016-2018,Life Expectancy
Talbot,78.7,Black or African American,2016-2018,Life Expectancy
Washington,77.6,Black or African American,2016-2018,Life Expectancy
Wicomico,73.6,Black or African American,2016-2018,Life Expectancy
Worcester,74.1,Black or African American,2016-2018,Life Expectancy
State,79.8,White (Hispanic & Non-Hispanic),2016-2018,Life Expectancy
Allegany,76.0,White (Hispanic & Non-Hispanic),2016-2018,Life Expectancy
Anne Arundel,79.3,White (Hispanic & Non-Hispanic),2016-2018,Life Expectancy
Baltimore City,76.1,White (Hispanic & Non-Hispanic),2016-2018,Life Expectancy
Baltimore County,78.2,White (Hispanic & Non-Hispanic),2016-2018,Life Expectancy
Calvert,79.6,White (Hispanic & Non-Hispanic),2016-2018,Life Expectancy
Caroline,76.4,White (Hispanic & Non-Hispanic),2016-2018,Life Expectancy
Carroll,78.5,White (Hispanic & Non-Hispanic),2016-2018,Life Expectancy
Cecil,76.5,White (Hispanic & Non-Hispanic),2016-2018,Life Expectancy
Charles,78.3,White (Hispanic & Non-Hispanic),2016-2018,Life Expectancy
Dorchester,77.6,White (Hispanic & Non-Hispanic),2016-2018,Life Expectancy
Frederick,80.1,White (Hispanic & Non-Hispanic),2016-2018,Life Expectancy
Garrett,78.5,White (Hispanic & Non-Hispanic),2016-2018,Life Expectancy
Harford,79.0,White (Hispanic & Non-Hispanic),2016-2018,Life Expectancy
Howard,83.0,White (Hispanic & Non-Hispanic),2016-2018,Life Expectancy
Kent,79.4,White (Hispanic & Non-Hispanic),2016-2018,Life Expectancy
Montgomery,85.1,White (Hispanic & Non-Hispanic),2016-2018,Life Expectancy
Prince George's,79.6,White (Hispanic & Non-Hispanic),2016-2018,Life Expectancy
Queen Anne's,80.0,White (Hispanic & Non-Hispanic),2016-2018,Life Expectancy
Saint Mary's,78.9,White (Hispanic & Non-Hispanic),2016-2018,Life Expectancy
Somerset,74.3,White (Hispanic & Non-Hispanic),2016-2018,Life Expectancy
Talbot,82.0,White (Hispanic & Non-Hispanic),2016-2018,Life Expectancy
Washington,77.2,White (Hispanic & Non-Hispanic),2016-2018,Life Expectancy
Wicomico,77.1,White (Hispanic & Non-Hispanic),2016-2018,Life Expectancy
Worcester,79.4,White (Hispanic & Non-Hispanic),2016-2018,Life Expectancy
State,79.2,All races/ ethnicities (aggregated),2017-2019,Life Expectancy
Allegany,76.7,All races/ ethnicities (aggregated),2017-2019,Life Expectancy
Anne Arundel,79.3,All races/ ethnicities (aggregated),2017-2019,Life Expectancy
Baltimore City,72.8,All races/ ethnicities (aggregated),2017-2019,Life Expectancy
Baltimore County,78.1,All races/ ethnicities (aggregated),2017-2019,Life Expectancy
Calvert,79.4,All races/ ethnicities (aggregated),2017-2019,Life Expectancy
Caroline,76.8,All races/ ethnicities (aggregated),2017-2019,Life Expectancy
Carroll,78.6,All races/ ethnicities (aggregated),2017-2019,Life Expectancy
Cecil,75.7,All races/ ethnicities (aggregated),2017-2019,Life Expectancy
Charles,78.6,All races/ ethnicities (aggregated),2017-2019,Life Expectancy
Dorchester,75.6,All races/ ethnicities (aggregated),2017-2019,Life Expectancy
Frederick,80.5,All races/ ethnicities (aggregated),2017-2019,Life Expectancy
Garrett,78.3,All races/ ethnicities (aggregated),2017-2019,Life Expectancy
Harford,79.0,All races/ ethnicities (aggregated),2017-2019,Life Expectancy
Howard,83.2,All races/ ethnicities (aggregated),2017-2019,Life Expectancy
Kent,79.0,All races/ ethnicities (aggregated),2017-2019,Life Expectancy
Montgomery,85.1,All races/ ethnicities (aggregated),2017-2019,Life Expectancy
Prince George's,79.1,All races/ ethnicities (aggregated),2017-2019,Life Expectancy
Queen Anne's,79.8,All races/ ethnicities (aggregated),2017-2019,Life Expectancy
Saint Mary's,78.5,All races/ ethnicities (aggregated),2017-2019,Life Expectancy
Somerset,75.5,All races/ ethnicities (aggregated),2017-2019,Life Expectancy
Talbot,80.4,All races/ ethnicities (aggregated),2017-2019,Life Expectancy
Washington,76.8,All races/ ethnicities (aggregated),2017-2019,Life Expectancy
Wicomico,76.6,All races/ ethnicities (aggregated),2017-2019,Life Expectancy
Worcester,79.6,All races/ ethnicities (aggregated),2017-2019,Life Expectancy
State,76.9,Black or African American,2017-2019,Life Expectancy
Allegany,75.3,Black or African American,2017-2019,Life Expectancy
Anne Arundel,78.1,Black or African American,2017-2019,Life Expectancy
Baltimore City,70.8,Black or African American,2017-2019,Life Expectancy
Baltimore County,76.8,Black or African American,2017-2019,Life Expectancy
Calvert,78.3,Black or African American,2017-2019,Life Expectancy
Caroline,75.5,Black or African American,2017-2019,Life Expectancy
Carroll,78.1,Black or African American,2017-2019,Life Expectancy
Cecil,73.0,Black or African American,2017-2019,Life Expectancy
Charles,78.0,Black or African American,2017-2019,Life Expectancy
Dorchester,70.9,Black or African American,2017-2019,Life Expectancy
Frederick,78.9,Black or African American,2017-2019,Life Expectancy
Garrett,,Black or African American,2017-2019,Life Expectancy
Harford,77.7,Black or African American,2017-2019,Life Expectancy
Howard,81.0,Black or African American,2017-2019,Life Expectancy
Kent,75.4,Black or African American,2017-2019,Life Expectancy
Montgomery,82.9,Black or African American,2017-2019,Life Expectancy
Prince George's,78.8,Black or African American,2017-2019,Life Expectancy
Queen Anne's,73.7,Black or African American,2017-2019,Life Expectancy
Saint Mary's,75.7,Black or African American,2017-2019,Life Expectancy
Somerset,75.3,Black or African American,2017-2019,Life Expectancy
Talbot,76.7,Black or African American,2017-2019,Life Expectancy
Washington,75.9,Black or African American,2017-2019,Life Expectancy
Wicomico,74.8,Black or African American,2017-2019,Life Expectancy
Worcester,75.9,Black or African American,2017-2019,Life Expectancy
State,79.9,White (Hispanic & Non-Hispanic),2017-2019,Life Expectancy
Allegany,76.4,White (Hispanic & Non-Hispanic),2017-2019,Life Expectancy
Anne Arundel,79.5,White (Hispanic & Non-Hispanic),2017-2019,Life Expectancy
Baltimore City,76.2,White (Hispanic & Non-Hispanic),2017-2019,Life Expectancy
Baltimore County,78.3,White (Hispanic & Non-Hispanic),2017-2019,Life Expectancy
Calvert,79.4,White (Hispanic & Non-Hispanic),2017-2019,Life Expectancy
Caroline,77.3,White (Hispanic & Non-Hispanic),2017-2019,Life Expectancy
Carroll,78.6,White (Hispanic & Non-Hispanic),2017-2019,Life Expectancy
Cecil,75.8,White (Hispanic & Non-Hispanic),2017-2019,Life Expectancy
Charles,78.4,White (Hispanic & Non-Hispanic),2017-2019,Life Expectancy
Dorchester,77.8,White (Hispanic & Non-Hispanic),2017-2019,Life Expectancy
Frederick,80.6,White (Hispanic & Non-Hispanic),2017-2019,Life Expectancy
Garrett,78.1,White (Hispanic & Non-Hispanic),2017-2019,Life Expectancy
Harford,79.1,White (Hispanic & Non-Hispanic),2017-2019,Life Expectancy
Howard,83.2,White (Hispanic & Non-Hispanic),2017-2019,Life Expectancy
Kent,79.6,White (Hispanic & Non-Hispanic),2017-2019,Life Expectancy
Montgomery,85.1,White (Hispanic & Non-Hispanic),2017-2019,Life Expectancy
Prince George's,80.0,White (Hispanic & Non-Hispanic),2017-2019,Life Expectancy
Queen Anne's,80.2,White (Hispanic & Non-Hispanic),2017-2019,Life Expectancy
Saint Mary's,78.7,White (Hispanic & Non-Hispanic),2017-2019,Life Expectancy
Somerset,74.7,White (Hispanic & Non-Hispanic),2017-2019,Life Expectancy
Talbot,81.3,White (Hispanic & Non-Hispanic),2017-2019,Life Expectancy
Washington,77.0,White (Hispanic & Non-Hispanic),2017-2019,Life Expectancy
Wicomico,77.2,White (Hispanic & Non-Hispanic),2017-2019,Life Expectancy
Worcester,80.2,White (Hispanic & Non-Hispanic),2017-2019,Life Expectancy
State,78.6,All races/ ethnicities (aggregated),2018-2020,Life Expectancy
Allegany,75.5,All races/ ethnicities (aggregated),2018-2020,Life Expectancy
Anne Arundel,79.0,All races/ ethnicities (aggregated),2018-2020,Life Expectancy
Baltimore City,71.8,All races/ ethnicities (aggregated),2018-2020,Life Expectancy
Baltimore County,77.5,All races/ ethnicities (aggregated),2018-2020,Life Expectancy
Calvert,79.4,All races/ ethnicities (aggregated),2018-2020,Life Expectancy
Caroline,76.2,All races/ ethnicities (aggregated),2018-2020,Life Expectancy
Carroll,78.4,All races/ ethnicities (aggregated),2018-2020,Life Expectancy
Cecil,75.1,All races/ ethnicities (aggregated),2018-2020,Life Expectancy
Charles,77.9,All races/ ethnicities (aggregated),2018-2020,Life Expectancy
Dorchester,75.7,All races/ ethnicities (aggregated),2018-2020,Life Expectancy
Frederick,80.1,All races/ ethnicities (aggregated),2018-2020,Life Expectancy
Garrett,77.7,All races/ ethnicities (aggregated),2018-2020,Life Expectancy
Harford,78.5,All races/ ethnicities (aggregated),2018-2020,Life Expectancy
Howard,82.7,All races/ ethnicities (aggregated),2018-2020,Life Expectancy
Kent,78.0,All races/ ethnicities (aggregated),2018-2020,Life Expectancy
Montgomery,84.2,All races/ ethnicities (aggregated),2018-2020,Life Expectancy
Prince George's,78.4,All races/ ethnicities (aggregated),2018-2020,Life Expectancy
Queen Anne's,79.8,All races/ ethnicities (aggregated),2018-2020,Life Expectancy
Saint Mary's,78.2,All races/ ethnicities (aggregated),2018-2020,Life Expectancy
Somerset,75.7,All races/ ethnicities (aggregated),2018-2020,Life Expectancy
Talbot,79.4,All races/ ethnicities (aggregated),2018-2020,Life Expectancy
Washington,75.9,All races/ ethnicities (aggregated),2018-2020,Life Expectancy
Wicomico,76.1,All races/ ethnicities (aggregated),2018-2020,Life Expectancy
Worcester,79.9,All races/ ethnicities (aggregated),2018-2020,Life Expectancy
State,75.9,Black or African American,2018-2020,Life Expectancy
Allegany,72.8,Black or African American,2018-2020,Life Expectancy
Anne Arundel,76.8,Black or African American,2018-2020,Life Expectancy
Baltimore City,69.7,Black or African American,2018-2020,Life Expectancy
Baltimore County,75.5,Black or African American,2018-2020,Life Expectancy
Calvert,76.9,Black or African American,2018-2020,Life Expectancy
Caroline,73.1,Black or African American,2018-2020,Life Expectancy
Carroll,77.6,Black or African American,2018-2020,Life Expectancy
Cecil,72.6,Black or African American,2018-2020,Life Expectancy
Charles,77.0,Black or African American,2018-2020,Life Expectancy
Dorchester,70.3,Black or African American,2018-2020,Life Expectancy
Frederick,78.0,Black or African American,2018-2020,Life Expectancy
Garrett,,Black or African American,2018-2020,Life Expectancy
Harford,76.5,Black or African American,2018-2020,Life Expectancy
Howard,79.8,Black or African American,2018-2020,Life Expectancy
Kent,73.8,Black or African American,2018-2020,Life Expectancy
Montgomery,81.9,Black or African American,2018-2020,Life Expectancy
Prince George's,77.8,Black or African American,2018-2020,Life Expectancy
Queen Anne's,76.2,Black or African American,2018-2020,Life Expectancy
Saint Mary's,74.1,Black or African American,2018-2020,Life Expectancy
Somerset,75.1,Black or African American,2018-2020,Life Expectancy
Talbot,75.3,Black or African American,2018-2020,Life Expectancy
Washington,73.7,Black or African American,2018-2020,Life Expectancy
Wicomico,74.4,Black or African American,2018-2020,Life Expectancy
Worcester,76.3,Black or African American,2018-2020,Life Expectancy
State,79.6,White (Hispanic & Non-Hispanic),2018-2020,Life Expectancy
Allegany,75.3,White (Hispanic & Non-Hispanic),2018-2020,Life Expectancy
Anne Arundel,79.3,White (Hispanic & Non-Hispanic),2018-2020,Life Expectancy
Baltimore City,75.7,White (Hispanic & Non-Hispanic),2018-2020,Life Expectancy
Baltimore County,78.0,White (Hispanic & Non-Hispanic),2018-2020,Life Expectancy
Calvert,79.8,White (Hispanic & Non-Hispanic),2018-2020,Life Expectancy
Caroline,77.1,White (Hispanic & Non-Hispanic),2018-2020,Life Expectancy
Carroll,78.4,White (Hispanic & Non-Hispanic),2018-2020,Life Expectancy
Cecil,75.2,White (Hispanic & Non-Hispanic),2018-2020,Life Expectancy
Charles,78.2,White (Hispanic & Non-Hispanic),2018-2020,Life Expectancy
Dorchester,78.0,White (Hispanic & Non-Hispanic),2018-2020,Life Expectancy
Frederick,80.2,White (Hispanic & Non-Hispanic),2018-2020,Life Expectancy
Garrett,77.6,White (Hispanic & Non-Hispanic),2018-2020,Life Expectancy
Harford,78.8,White (Hispanic & Non-Hispanic),2018-2020,Life Expectancy
Howard,82.9,White (Hispanic & Non-Hispanic),2018-2020,Life Expectancy
Kent,78.8,White (Hispanic & Non-Hispanic),2018-2020,Life Expectancy
Montgomery,84.3,White (Hispanic & Non-Hispanic),2018-2020,Life Expectancy
Prince George's,80.0,White (Hispanic & Non-Hispanic),2018-2020,Life Expectancy
Queen Anne's,80.1,White (Hispanic & Non-Hispanic),2018-2020,Life Expectancy
Saint Mary's,78.8,White (Hispanic & Non-Hispanic),2018-2020,Life Expectancy
Somerset,74.9,White (Hispanic & Non-Hispanic),2018-2020,Life Expectancy
Talbot,80.4,White (Hispanic & Non-Hispanic),2018-2020,Life Expectancy
Washington,76.2,White (Hispanic & Non-Hispanic),2018-2020,Life Expectancy
Wicomico,76.8,White (Hispanic & Non-Hispanic),2018-2020,Life Expectancy
Worcester,80.2,White (Hispanic & Non-Hispanic),2018-2020,Life Expectancy
State,78.2,All races/ ethnicities (aggregated),2019-2021,Life Expectancy
Allegany,74.2,All races/ ethnicities (aggregated),2019-2021,Life Expectancy
Anne Arundel,79.1,All races/ ethnicities (aggregated),2019-2021,Life Expectancy
Baltimore City,71.0,All races/ ethnicities (aggregated),2019-2021,Life Expectancy
Baltimore County,77.2,All races/ ethnicities (aggregated),2019-2021,Life Expectancy
Calvert,78.6,All races/ ethnicities (aggregated),2019-2021,Life Expectancy
Caroline,75.7,All races/ ethnicities (aggregated),2019-2021,Life Expectancy
Carroll,78.5,All races/ ethnicities (aggregated),2019-2021,Life Expectancy
Cecil,74.2,All races/ ethnicities (aggregated),2019-2021,Life Expectancy
Charles,77.2,All races/ ethnicities (aggregated),2019-2021,Life Expectancy
Dorchester,75.0,All races/ ethnicities (aggregated),2019-2021,Life Expectancy
Frederick,80.2,All races/ ethnicities (aggregated),2019-2021,Life Expectancy
Garrett,76.6,All races/ ethnicities (aggregated),2019-2021,Life Expectancy
Harford,78.2,All races/ ethnicities (aggregated),2019-2021,Life Expectancy
Howard,82.8,All races/ ethnicities (aggregated),2019-2021,Life Expectancy
Kent,76.4,All races/ ethnicities (aggregated),2019-2021,Life Expectancy
Montgomery,83.5,All races/ ethnicities (aggregated),2019-2021,Life Expectancy
Prince George's,78.4,All races/ ethnicities (aggregated),2019-2021,Life Expectancy
Queen Anne's,79.3,All races/ ethnicities (aggregated),2019-2021,Life Expectancy
Saint Mary's,77.3,All races/ ethnicities (aggregated),2019-2021,Life Expectancy
Somerset,74.5,All races/ ethnicities (aggregated),2019-2021,Life Expectancy
Talbot,79.0,All races/ ethnicities (aggregated),2019-2021,Life Expectancy
Washington,75.3,All races/ ethnicities (aggregated),2019-2021,Life Expectancy
Wicomico,75.0,All races/ ethnicities (aggregated),2019-2021,Life Expectancy
Worcester,79.2,All races/ ethnicities (aggregated),2019-2021,Life Expectancy
State,74.8,Black or African American,2019-2021,Life Expectancy
Allegany,71.6,Black or African American,2019-2021,Life Expectancy
Anne Arundel,76.2,Black or African American,2019-2021,Life Expectancy
Baltimore City,68.4,Black or African American,2019-2021,Life Expectancy
Baltimore County,74.5,Black or African American,2019-2021,Life Expectancy
Calvert,74.8,Black or African American,2019-2021,Life Expectancy
Caroline,73.0,Black or African American,2019-2021,Life Expectancy
Carroll,75.4,Black or African American,2019-2021,Life Expectancy
Cecil,70.9,Black or African American,2019-2021,Life Expectancy
Charles,75.8,Black or African American,2019-2021,Life Expectancy
Dorchester,69.3,Black or African American,2019-2021,Life Expectancy
Frederick,76.8,Black or African American,2019-2021,Life Expectancy
Garrett,,Black or African American,2019-2021,Life Expectancy
Harford,74.7,Black or African American,2019-2021,Life Expectancy
Howard,78.9,Black or African American,2019-2021,Life Expectancy
Kent,71.7,Black or African American,2019-2021,Life Expectancy
Montgomery,80.1,Black or African American,2019-2021,Life Expectancy
Prince George's,77.4,Black or African American,2019-2021,Life Expectancy
Queen Anne's,74.1,Black or African American,2019-2021,Life Expectancy
Saint Mary's,72.6,Black or African American,2019-2021,Life Expectancy
Talbot,73.4,Black or African American,2019-2021,Life Expectancy
Washington,72.1,Black or African American,2019-2021,Life Expectancy
Wicomico,72.2,Black or African American,2019-2021,Life Expectancy
Worcester,74.2,Black or African American,2019-2021,Life Expectancy
State,78.7,White,2019-2021,Life Expectancy
Allegany,73.7,White,2019-2021,Life Expectancy
Anne Arundel,79.1,White,2019-2021,Life Expectancy
Baltimore City,74.7,White,2019-2021,Life Expectancy
Baltimore County,77.6,White,2019-2021,Life Expectancy
Calvert,78.6,White,2019-2021,Life Expectancy
Caroline,75.8,White,2019-2021,Life Expectancy
Carroll,78.3,White,2019-2021,Life Expectancy
Cecil,74.0,White,2019-2021,Life Expectancy
Charles,77.0,White,2019-2021,Life Expectancy
Dorchester,76.6,White,2019-2021,Life Expectancy
Frederick,79.9,White,2019-2021,Life Expectancy
Garrett,76.4,White,2019-2021,Life Expectancy
Harford,78.4,White,2019-2021,Life Expectancy
Howard,82.8,White,2019-2021,Life Expectancy
Kent,76.9,White,2019-2021,Life Expectancy
Montgomery,83.3,White,2019-2021,Life Expectancy
Prince George's,78.7,White,2019-2021,Life Expectancy
Queen Anne's,79.5,White,2019-2021,Life Expectancy
Saint Mary's,77.5,White,2019-2021,Life Expectancy
Somerset,73.4,White,2019-2021,Life Expectancy
Talbot,79.7,White,2019-2021,Life Expectancy
Washington,75.3,White,2019-2021,Life Expectancy
Wicomico,75.6,White,2019-2021,Life Expectancy
Worcester,79.3,White,2019-2021,Life Expectancy
